<?xml version="1.0" encoding="UTF-8" standalone="yes"?>
<manifest>
  <control namespace="AttachmentEmail" constructor="AttachmentEmail" version="0.0.1" display-name-key="AttachmentEmail" description-key="AttachmentEmail description" control-type="standard" api-version="1.2.1">
    <property name="AttachmentsGrid" display-name-key="AttachmentsGrid_Display_Key" description-key="AttachmentsGrid_Desc_Key" of-type="SingleLine.Text" usage="bound" required="true"/>
    <property name="EmailDirection" display-name-key="EmailDirection" description-key="EmailDirection" of-type="TwoOptions" usage="bound" required="true"/>
    <resources>
      <code path="bundle.js" order="1"/>
      <css path="css/AttachmentsGrid.css" order="1"/>
      <css path="bootstrap.min.css" order="1"/>
      <img path="icons/3ds.png"/>
      <img path="icons/aac.png"/>
      <img path="icons/ai.png"/>
      <img path="icons/avi.png"/>
      <img path="icons/bmp.png"/>
      <img path="icons/cad.png"/>
      <img path="icons/cdr.png"/>
      <img path="icons/css.png"/>
      <img path="icons/dat.png"/>
      <img path="icons/dll.png"/>
      <img path="icons/dmg.png"/>
      <img path="icons/doc.png"/>
      <img path="icons/eps.png"/>
      <img path="icons/fla.png"/>
      <img path="icons/flv.png"/>
      <img path="icons/gif.png"/>
      <img path="icons/html.png"/>
      <img path="icons/indd.png"/>
      <img path="icons/iso.png"/>
      <img path="icons/jpg.png"/>
      <img path="icons/js.png"/>
      <img path="icons/pdf.png"/>
      <img path="icons/png.png"/>
      <img path="icons/ppt.png"/>
      <img path="icons/psd.png"/>
      <img path="icons/txt.png"/>
      <img path="icons/xls.png"/>
      <img path="icons/xlsx.png"/>
      <img path="icons/xml.png"/>
      <img path="icons/zip.png"/>
      <img path="icons/docx.png"/>
    </resources>
    <feature-usage>
      <uses-feature name="WebAPI" required="true"/>
    </feature-usage>
    <built-by name="pac" version="1.1.6"/>
  </control>
</manifest>